{"IcoMoonType":"selection","icons":[{"icon":{"paths":["M1097.143 548.571c0 0 0 18.286-164.571 54.857l-201.143 18.286-128 36.571h-36.571l-167.429 201.143h39.429c20 0 36.571 4 36.571 9.143s-16.571 9.143-36.571 9.143h-182.857v-18.286h36.571v-237.714h-91.429l-109.714 128h-54.857l-18.286-18.286v-109.714h18.286v-18.286h73.143v-4.571l-109.714-13.714v-73.143l109.714-13.714v-4.571h-73.143v-18.286h-18.286v-109.714l18.286-18.286h54.857l109.714 128h91.429v-237.714h-36.571v-18.286h182.857c20 0 36.571 4 36.571 9.143s-16.571 9.143-36.571 9.143h-39.429l167.429 201.143h36.571l128 36.571 201.143 18.286c164.571 36.571 164.571 54.857 164.571 54.857z"],"width":1097.142857142857,"attrs":[],"isMulticolor":false,"isMulticolor2":false,"tags":["fighter-jet"],"defaultCode":61691,"grid":14},"attrs":[],"properties":{"name":"fighter-jet","id":225,"order":9,"prevSize":28,"code":61691},"setIdx":11,"setId":10,"iconIdx":225},{"icon":{"paths":["M666.857 365.714c7.429 76-24.571 121.714-74.857 147.429 83.429 20 136 69.714 125.714 181.143-13.143 138.857-116 176-263.429 184v145.714h-88v-143.429c-22.286 0-45.714 0-69.714-0.571v144h-88v-145.714c-20.571 0-41.143-0.571-62.286-0.571h-114.286l17.714-104.571c64.571 1.143 63.429 0 63.429 0 24.571 0 31.429-17.714 33.143-29.143v-229.714h9.143c-3.429-0.571-6.857-0.571-9.143-0.571v-164c-3.429-18.286-14.857-38.857-50.857-38.857 0 0 1.143-1.143-63.429 0v-93.714l121.143 0.571c17.714 0 36.571 0 55.429-0.571v-144h88v141.143c23.429-0.571 46.857-1.143 69.714-1.143v-140h88v144c113.143 9.714 202.857 44.571 212.571 148.571zM544 677.143c0-113.143-186.286-96.571-245.714-96.571v193.143c59.429 0 245.714 12.571 245.714-96.571zM503.429 405.143c0-103.429-155.429-88-205.143-88v175.429c49.714 0 205.143 11.429 205.143-87.429z"],"width":760.0274285714286,"attrs":[],"isMulticolor":false,"isMulticolor2":false,"tags":["bitcoin","btc"],"defaultCode":61786,"grid":14},"attrs":[],"properties":{"name":"bitcoin, btc","id":311,"order":11,"prevSize":28,"code":61786},"setIdx":11,"setId":10,"iconIdx":311},{"icon":{"paths":["M354.286 640c-39.429 22.857-93.143 36.571-153.143 36.571h-73.143v-36.571h-36.571c-10.286 0-18.286-20.571-18.286-45.714 0-10.286 1.714-20 4-28-44-1.143-77.143-8.571-77.143-17.714s33.143-16.571 77.143-17.714c-2.286-8-4-17.714-4-28 0-25.143 8-45.714 18.286-45.714h36.571v-36.571h73.143c60 0 113.714 13.714 153.143 36.571h636c42.286 7.429 80.571 13.714 106.857 18.286 109.714 18.286 146.286 54.857 146.286 73.143s-36.571 54.857-146.286 73.143c-26.286 4.571-64.571 10.857-106.857 18.286h-636zM993.714 496c18.286 12.571 30.286 31.429 30.286 52.571s-12 40-30.286 52.571l46.286 17.143c23.429-16.571 38.857-41.714 38.857-69.714s-15.429-53.143-38.857-69.714zM357.143 649.143h580s-124 21.714-260.571 45.714c-73.143 0-128 54.857-128 54.857l-164.571 164.571s-55.429 36.571-91.429 36.571h-54.857l-53.143-265.143h16.571c58.286 0 113.714-13.143 156-36.571zM201.143 411.429h-16.571l53.143-265.143h54.857c37.143 0 73.143 18.286 91.429 36.571l164.571 164.571c0 0 54.857 54.857 128 54.857 136.571 24 260.571 45.714 260.571 45.714h-580c-42.286-23.429-97.714-36.571-156-36.571z"],"width":1243.4285714285713,"attrs":[],"isMulticolor":false,"isMulticolor2":false,"tags":["space-shuttle"],"defaultCode":61847,"grid":14},"attrs":[],"properties":{"name":"space-shuttle","id":368,"order":10,"prevSize":28,"code":61847},"setIdx":11,"setId":10,"iconIdx":368},{"icon":{"paths":["M512 736l-288 192 128-320-288-192h320l128-320 128 320h320l-288 192 128 320z"],"attrs":[],"isMulticolor":false,"isMulticolor2":false,"tags":["star"],"grid":32},"attrs":[],"properties":{"id":46,"order":8,"prevSize":32,"code":59649,"name":"star"},"setIdx":17,"setId":4,"iconIdx":45}],"height":1024,"metadata":{"name":"icomoon"},"preferences":{"showGlyphs":true,"showQuickUse":true,"showQuickUse2":true,"showSVGs":true,"fontPref":{"prefix":"icon-","metadata":{"fontFamily":"icomoon"},"metrics":{"emSize":1024,"baseline":6.25,"whitespace":50},"embed":false},"imagePref":{"prefix":"icon-","png":true,"useClassSelector":true,"color":0,"bgColor":16777215,"classSelector":".icon","name":"icomoon"},"historySize":50,"showCodes":true,"gridSize":16}}